ID,ID_MW,idlocality,country,type,y (lat),x (long),name,name,mis,age_min,age_max,correlation,comments,archstratigraphy_idarchstrat,X,age_min,age_max,,,,,,,,,,,,,,,,,,,,,,,,,,,,,,,,,,,,,,
1,1,Aar,Namibia,cave,-26.772622,16.488989,Aar Layer 1 Archaeological Assemblage,Layer 1,,30000,300000,"archaeological (cultural) stratigraphy, geology",Absolute date not avaliable. Waiting for date through archaeological material,MSA,MSA,30000,300000,,,,,,,,,,,,,,,,,,,,,,,,,,,,,,,,,,,,,,
2,2,Aasvoelkop,South Africa,open air,-26.17,28,MSA hilltop rubble,MSA hilltop rubble,,30000,300000,archaeological (cultural) stratigraphy,,Pietersburg,Pietersburg,30000,300000,,,,,,,,,,,,,,,,,,,,,,,,,,,,,,,,,,,,,,
3,,Abdur,Eritrea,open air,15.15,39.86,,,,,,,,MSA,MSA,,,,,,,,,,,,,,,,,,,,,,,,,,,,,,,,,,,,,,,,
4,,Adrar Bous,Niger,open air,20.3,8.95,,,,,,,,Aterian,Aterian,,,,,,,,,,,,,,,,,,,,,,,,,,,,,,,,,,,,,,,,
5,3,Adrar Bous,Niger,open air,20.3,8.95,Adrar Bous Green Loam S157 Archaeological Assemblage,Lower Vertisol/Green Loam,,40000,200000,archaeological (cultural) stratigraphy,arch_strat Middle Paleolithic - Africa,Middle Paleolithic - Africa,MSA,40000,200000,,,,,,,,,,,,,,,,,,,,,,,,,,,,,,,,,,,,,,
6,4,Affad 23,Sudan,open air,18.0296,31.185351,15000,21000,14C (radiocarbon) dating,NA,1,NA,6000,18000,MSA,2,,,,,,,,,,,,,,,,,,,,,,,,,,,,,,,,,,,,,,,
7,5,Ain Aghbal,Morocco,cave,34.7181,-1.8731,Aterian inventar,Unit 1,,14000,150000,archaeological (cultural) stratigraphy,"upper part Iberomaurusian, lower part Aterian",Aterian,Aterian,40000,150000,,,,,,,,,,,,,,,,,,,,,,,,,,,,,,,,,,,,,,
8,,Ain El Guettar,Tunisia,open air,34.66,9.58,,,,,,,,Aterian,Aterian,,,,,,,,,,,,,,,,,,,,,,,,,,,,,,,,,,,,,,,,
9,,Ain Fritissa,Morocco,open air,33.62,-3.55,,,,,,,,Aterian,Aterian,,,,,,,,,,,,,,,,,,,,,,,,,,,,,,,,,,,,,,,,
10,6,Ain Oum Henda 2,Tunisia,open air,34.7167,9.4,surface collection,surface layer,,40000,150000,archaeological (cultural) stratigraphy,,Aterian,Aterian,40000,150000,,,,,,,,,,,,,,,,,,,,,,,,,,,,,,,,,,,,,,
11,7,Airport site,Malawi,open air,-9.95416,33.89361,Airport Site Unit 2-5 Archaeological Assemblage,Chitimwe Beds,,30000,300000,archaeological (cultural) stratigraphy,,MSA,MSA,30000,300000,,,,,,,,,,,,,,,,,,,,,,,,,,,,,,,,,,,,,,
12,8,Aladi Springs,Ethiopia,open air,9.383333333,40.91666667,LSA microblade assemblage,Shell-bearing tufa,,10910,11230,14C (radiocarbon) dating,,LSA,MSA,200,30000,,,,,,,,,,,,,,,,,,,,,,,,,,,,,,,,,,,,,,
13,9,Alexandersfontein,South Africa,open air,-28.837218,24.770994,"Plus 19m lake, section B, Layer 1","Plus 19m lake, section B, Layer 1",,30000,300000,archaeological (cultural) stratigraphy,No absolute dating. Awaiting dates from archaeology,MSA,MSA,30000,300000,,,,,,,,,,,,,,,,,,,,,,,,,,,,,,,,,,,,,,
14,10,Amanzi springs,South Africa,open air,-33.7,25.483,Rietheuvel Member Inventar,Rietheuvel Member,,32300,60600,14C (radiocarbon) dating,,Acheulean - Africa,MSA,300000,1800000,,,,,,,,,,,,,,,,,,,,,,,,,,,,,,,,,,,,,,
15,,Anyskop_Blowout,South Africa,open air,-32.971,18.112,,,,,,,,Howiesonspoort,Howiesons Poort,,,,,,,,,,,,,,,,,,,,,,,,,,,,,,,,,,,,,,,,
16,11,Anyskop_Blowout,South Africa,open air,-32.971,18.114,Anyskop SB Inventar,CALC SB,,70000,77000,archaeological (cultural) stratigraphy,Age based on undated SB points,Still Bay,Still Bay,70000,77000,,,,,,,,,,,,,,,,,,,,,,,,,,,,,,,,,,,,,,
17,,Apollo 11,Namibia,cave,-27.701215,17.118,,,,,,,,Howiesonspoort,Howiesons Poort,,,,,,,,,,,,,,,,,,,,,,,,,,,,,,,,,,,,,,,,
18,12,Apollo 11,Namibia,cave,-27.701215,17.117286,Apollo 11 Layer G Archaeological Assemblage,Unit U,,48000,77000,"14C (radiocarbon) dating, archaeological (cultural) stratigraphy",C14 dates of Wendt's cultural layer G that corresponds to geological units S-U of Vogelsang (2010),Still Bay,Still Bay,70000,77000,,,,,,,,,,,,,,,,,,,,,,,,,,,,,,,,,,,,,,
19,13,Asfet,Eritrea,open air,15.120275,39.685031,Asfet Surface Layer Achaeological Assemblage,Surface Layer,,30000,300000,archaeological (cultural) stratigraphy,,MSA,MSA,30000,300000,,,,,,,,,,,,,,,,,,,,,,,,,,,,,,,,,,,,,,
20,14,Bambata Cave,Zimbabwe,cave,-20.503238,28.405848,Bambata Cave Lower Cave Earth Archaeological Assemblage,Lower Cave Earth,,30000,300000,archaeological (cultural) stratigraphy,,MSA,MSA,30000,300000,,,,,,,,,,,,,,,,,,,,,,,,,,,,,,,,,,,,,,
21,15,Bingerville Highway,Ivory Coast,river terrace,5.585,-4.277,unknown,unknown,,12820,13280,NA,12820,13280,MSA,14C (radiocarbon) dating,NA,LSA,NA,1,NA,13050,460,15629,667,northern,230,2,141,22.65894143,103.1883296,13,597,77.17971198,84.8415254,14.9037323,29.69288635,326,22.65894127,153.1044464,29.69288635,14.9037323,14.78915405,24.19270325,21.31396294,24.64569283,20.83869362,1238.26001,387.6103821,0,1.071792126,761.8666992,33.80614853,457.6679688,61.24981689
22,16,Bir Sahara East BS-1,Egypt,open air,22.91,28.75,Bir Sahara East BS-1A+B Unit 1a2 Archaeolgocial Assemblage,Unit 1a2,,90600,113800,"geology, OSL (optically stimulated thermoluminescence) dating","West Lake 2, this phase is probably contemperaneous with Grey Phases 3 (see Nicoll 2017)",Middle Paleolithic - Africa,MSA,40000,200000,,,,,,,,,,,,,,,,,,,,,,,,,,,,,,,,,,,,,,
23,17,Bir Tarfawi BT-14,Egypt,open air,22.92,28.75,Bir Tarfawi BT-14 Area A 1974 Archaeological Assemblage,Grey Phase 3,,90600,113800,OSL (optically stimulated thermoluminescence) dating,"deposits of Grey Phase 3, older dates spread a wide timespan, only reanalysed OSL dates are used (Nicoll 2017)",Middle Paleolithic - Africa,MSA,40000,200000,,,,,,,,,,,,,,,,,,,,,,,,,,,,,,,,,,,,,,
24,18,Birimi,Ghana,river terrace,10.5611,-0.39222,Birimi Layer 3 Archaeological Assemblage,Layer 3,,20700,52200,14C (radiocarbon) dating,,MSA,MSA,30000,300000,,,,,,,,,,,,,,,,,,,,,,,,,,,,,,,,,,,,,,
25,,Bizmoune Cave,Morocco,cave,9.57,31.68,,,,,,,,Aterian,Aterian,,,,,,,,,,,,,,,,,,,,,,,,,,,,,,,,,,,,,,,,
26,,Blombos Cave,South Africa,cave,-34.4132,21.21818,,,,,,,,MSA,MSA,,,,,,,,,,,,,,,,,,,,,,,,,,,,,,,,,,,,,,,,
27,19,Blombos Cave,South Africa,cave,-34.4132,21.21818,BBC M2 Archaeological Assemblage,Unit CGAC,,69000,90400,"TL (thermoluminescence) dating, OSL (optically stimulated thermoluminescence) dating",,Still Bay,Still Bay,70000,77000,,,,,,,,,,,,,,,,,,,,,,,,,,,,,,,,,,,,,,
28,,Boomplaas Cave,South Africa,cave,-33.38333333,22.18333333,,,,,,,,MSA,MSA,,,,,,,,,,,,,,,,,,,,,,,,,,,,,,,,,,,,,,,,
29,20,Boomplaas Cave,South Africa,cave,-33.38333333,22.18333333,Boomplaas Layer LP Archaeological Assemblage,LP Member,,21000,33000,geology,,Howiesonspoort,Howiesons Poort,12000,18000,,,,,,,,,,,,,,,,,,,,,,,,,,,,,,,,,,,,,,
30,,Border Cave,South Africa,cave,-27.021443,31.98875,,,,,,,,MSA,MSA,,,,,,,,,,,,,,,,,,,,,,,,,,,,,,,,,,,,,,,,
31,21,Border Cave,South Africa,cave,-27.021443,31.98875,Border Cave Layer 2 WA Archaeological Assemblage,Unit 2 WA,,44290,63000,"ESR (electron spin resonance) dating, 14C (radiocarbon) dating","the newest published revised ESR dates were used (GrÃ¼n et al. 2003), not the original dates published in GrÃ¼n et al. 1990 or the revised dates in GrÃ¼n et al. 2001",Howiesonspoort,Howiesons Poort,30000,58000,,,,,,,,,,,,,,,,,,,,,,,,,,,,,,,,,,,,,,
32,22,Boskop,South Africa,open air,-26.554765,27.110547,Boskop Agricultural Trench Archaeological Assemblage,Boskop agricultural trench,,11780,126000,geology,"Date given as Late Pleistocene by Schwartz & Tattersall (2002), as ca. 20 Ka by Dusseldorp et al (2013) and De Miguel & Henneberg (2001).",MSA,MSA,30000,300000,,,,,,,,,,,,,,,,,,,,,,,,,,,,,,,,,,,,,,
33,23,Bremen 1C,Namibia,rock shelter,-25.766654,17.147603,Bremen 1C Basiskomplex Archaeological Assemblage,Layer I lower,,65000,70000,archaeological (cultural) stratigraphy,Absolute date not avaliable. Site only dated through the typology of the artefacts.,Howiesonspoort,Howiesons Poort,65000,70000,,,,,,,,,,,,,,,,,,,,,,,,,,,,,,,,,,,,,,
34,24,BRU-I,Malawi,open air,-9.942235,33.880888,upper dated assemblage,upper dated assemblage,,26000,32000,NA,NA,NA,MSA,OSL (optically stimulated thermoluminescence) dating,NA,MSA,NA,1,NA,29000,6000,29000,6000,,NA,2,391-405,20.21867164,103.8530006,13,498,63.86253389,79.33364868,12.07077599,29.56739044,326,20.2186718,180.1616974,29.56739044,12.07077599,17.49661446,19.62526512,19.13978386,22.88355446,18.49951935,1246.236084,262.4678955,0,1.046184897,706.394165,5.783657551,96.03453827,200.3679199
35,25,Bundu Farm,South Africa,open air,-29.75138889,22.20694444,Bundu Farm Group 5 Archaeological Assemblage,Group 5 subgroup a,,144054,300000,"archaeological (cultural) stratigraphy, stratigraphy",,MSA,MSA,30000,300000,,,,,,,,,,,,,,,,,,,,,,,,,,,,,,,,,,,,,,
36,26,Bushman Rock Shelter,South Africa,rock shelter,-24.576784,30.624773,BRS Exc. Eloff Layer 18 Archaeological Assemblage,Exc. Eloff Layer 18,,12405,12990,14C (radiocarbon) dating,,MSA/LSA,MSA,20000,40000,,,,,,,,,,,,,,,,,,,,,,,,,,,,,,,,,,,,,,
37,,Cafema,Namibia,open air,-17.21,12.2,,,,,,,,MSA,MSA,,,,,,,,,,,,,,,,,,,,,,,,,,,,,,,,,,,,,,,,
38,27,Cape Hangklip,South Africa,open air,-34.374,18.83,Cape Hangklip Raised Beach 20 ft Archaeological Assemblage,Raised Beach 20 ft,,70000,77000,archaeological (cultural) stratigraphy,,Still Bay,Still Bay,70000,77000,,,,,,,,,,,,,,,,,,,,,,,,,,,,,,,,,,,,,,
39,28,Cartwrights Site (GsJj 75),Kenya,open air,0.597222,36.458333,GsJj 75 Layer N Archaeology,Layer N,,30000,300000,archaeological (cultural) stratigraphy,,MSA,MSA,30000,300000,,,,,,,,,,,,,,,,,,,,,,,,,,,,,,,,,,,,,,
40,,Cave of Hearths,South Africa,cave,-24.140961,29.25,,,,,,,,Howiesonspoort,Howiesons Poort,,,,,,,,,,,,,,,,,,,,,,,,,,,,,,,,,,,,,,,,
41,29,Cave of Hearths,South Africa,cave,-24.140961,29.199481,Cave of Hearths Bed 8 Archaeological Assemblage,Bed 8,,77000,105000,archaeological (cultural) stratigraphy,"Absolute date not avaliable. Waiting for date through archaeological materialsince faunal assemblages from Bed 4-9 are named MSA Fauna, at least Pleistocene can be assumed (26.04.2011, R.V.), arch_strat: MSA 2b",MSA 2b,MSA,77000,105000,,,,,,,,,,,,,,,,,,,,,,,,,,,,,,,,,,,,,,
42,30,CHA/BRU TP 20,Malawi,open air,-9.942868212,33.88093556,second from uppermost,second from uppermost,,19000,21000,NA,NA,NA,MSA,OSL (optically stimulated thermoluminescence) dating,NA,MSA,NA,1,NA,20000,2000,20000,2000,,NA,2,391-405,19.42125654,112.9885032,13,463,65.38840898,82.55729294,11.02372169,27.46387291,314,19.42125702,143.4607086,27.46387291,11.02372169,16.44015121,19.97954369,17.70872688,20.95428467,17.50716209,1355.861938,295.2052002,0,1.108564496,809.6345825,5.103190899,72.89795685,46.79734802
43,31,Chaperon Rouge,Morocco,cave,33.917,-6.833,Chaperon Rouge Unit Beta Archaeological Assemblage,Unit Beta,,19200,150000,"archaeological (cultural) stratigraphy, stratigraphy",,Aterian,Aterian,40000,150000,,,,,,,,,,,,,,,,,,,,,,,,,,,,,,,,,,,,,,
44,,Dale Rose Parlour,South Africa,rock shelter,-34.13,18.44,,,,,,,,MSA,MSA,,,,,,,,,,,,,,,,,,,,,,,,,,,,,,,,,,,,,,,,
45,,Dale Rose Parlour,South Africa,rock shelter,-34.13,18.44,,,,,,,,Still Bay,Still Bay,,,,,,,,,,,,,,,,,,,,,,,,,,,,,,,,,,,,,,,,
46,32,Dar es Soltane 1,Morocco,cave,33.979,-6.898,Dar es Soltane 1 Unit C1 Archaeological Assemblage,Unit C,,49600,66100,OSL (optically stimulated thermoluminescence) dating,,Mousterian - Levant,MSA,47000,350000,,,,,,,,,,,,,,,,,,,,,,,,,,,,,,,,,,,,,,
47,,Dar es Soltane 2,Morocco,cave,33.979,-6.898,,,,,,,,Aterian,Aterian,,,,,,,,,,,,,,,,,,,,,,,,,,,,,,,,,,,,,,,,
48,33,Die Kelders,South Africa,cave,-34.5458,19.3765,Die Kelders Level Upper 6 Archaeological Assemblage,DK1 Member 2,,45500,95300,"OSL (optically stimulated thermoluminescence) dating, TL (thermoluminescence) dating, IRSL (infrared stimulated luminescence) dating, ESR (electron spin resonance) dating",,MSA,MSA,30000,300000,,,,,,,,,,,,,,,,,,,,,,,,,,,,,,,,,,,,,,
49,,Diepkloof Rock Shelter,South Africa,rock shelter,-32.386894,18.46,,,,,,,,Howiesonspoort,Howiesons Poort,,,,,,,,,,,,,,,,,,,,,,,,,,,,,,,,,,,,,,,,
50,34,Diepkloof Rock Shelter,South Africa,rock shelter,-32.386894,18.4529778,L6-M6 Logan,L6-M6 Logan,,90000,110000,geology,Previous dates by Jacobs et al. (2008) are probably wrong in underestimating true ages (sensu Tribolo et al. 2013),Still Bay,Still Bay,70000,77000,,,,,,,,,,,,,,,,,,,,,,,,,,,,,,,,,,,,,,
51,35,Duinefontein (DFT) 2,South Africa,open air,-33.6649889,18.42820278,Duinefontein (DFT) 2 Horizon 2 Archaeological Assemblage,Horizon 2,,189000,355000,"OSL (optically stimulated thermoluminescence) dating, archaeological (cultural) stratigraphy",,Late Acheulean - Africa,MSA,200000,800000,,,,,,,,,,,,,,,,,,,,,,,,,,,,,,,,,,,,,,
52,36,El Akarit,Tunisia,open air,34.1167,10.0167,El Akarit Niveau 1 Square D4 Archaeological Assemblage,sequence 9,,80000,190000,TL (thermoluminescence) dating,,Mousterian - Levant,MSA,47000,350000,,,,,,,,,,,,,,,,,,,,,,,,,,,,,,,,,,,,,,
53,37,El Harhoura 2,Morocco,cave,33.953,-6.926,El Harhoura 2 Unit 8 Archaeological Assemblage,Unit 8,,100100,113300,OSL (optically stimulated thermoluminescence) dating,,Aterian,Aterian,40000,150000,,,,,,,,,,,,,,,,,,,,,,,,,,,,,,,,,,,,,,
54,,El Khenzira Grotte 1,Morocco,cave,33.1667,-8.6,,,,,,,,Aterian,Aterian,,,,,,,,,,,,,,,,,,,,,,,,,,,,,,,,,,,,,,,,
55,38,El Khenzira Grotte 1,Morocco,cave,33.1667,-8.6,El Khenzira Grotte 1 Unit B Archaeological Assemblage,Unit B,,40000,200000,archaeological (cultural) stratigraphy,,Middle Paleolithic - Africa,MSA,40000,200000,,,,,,,,,,,,,,,,,,,,,,,,,,,,,,,,,,,,,,
56,39,El Mnasra,Morocco,cave,33.928,-6.954,El Mnasra Unit 4 Archaeological Assemblage,Unit 4,,84900,116300,OSL (optically stimulated thermoluminescence) dating,,Aterian,Aterian,40000,150000,,,,,,,,,,,,,,,,,,,,,,,,,,,,,,,,,,,,,,
57,40,Elands Bay Cave,South Africa,cave,-32.3178694,18.3179639,Elands Bay Cave Late Pleistocene Artifacts,Level 16C Layer GB1A,,11370,11370,archaeological (cultural) stratigraphy,,MSA,MSA,200,30000,,,,,,,,,,,,,,,,,,,,,,,,,,,,,,,,,,,,,,
58,42,Enkapune Ya Muto,Kenya,open air,-0.833333333,36.15,Enkapune Ya Muto RBL4 Layer Archaeological Assemblage,RBL4,4-3,40700,71000,"14C (radiocarbon) dating, archaeological (cultural) stratigraphy, oxygen isotope stratigraphy",,MSA,MSA,30000,300000,,,,,,,,,,,,,,,,,,,,,,,,,,,,,,,,,,,,,,
59,43,Equus Cave,South Africa,cave,-27.614358,24.629547,Equus Cave Level 2B Archaeological Assemblage,Level 2B,,32700,103000,geology,"Despite the young date obtained on Leve 2B, Klein et al 1991 believe Level 1B, 2A and 2B to be deposited between 32000 and 103000 BP. This supposition hinges on Archaeological finds and geomorphological data",MSA,MSA,30000,300000,,,,,,,,,,,,,,,,,,,,,,,,,,,,,,,,,,,,,,
60,44,Erb Tanks Rockshelter,Namibia,cave,-22.42,14.97,Erb Tanks Rockshelter Level 14+15 Archaeological Assemblage,Level 14,,30000,65000,"AAR (amino acid racemization) dating, archaeological (cultural) stratigraphy","age_min: arch_strat, age_max: AAR, young C14 date in Level 15 and the wide age range of AAR dates in Level 11, 14 and 16 suggest possible mixing of the deposits",MSA,MSA,30000,300000,,,,,,,,,,,,,,,,,,,,,,,,,,,,,,,,,,,,,,
61,45,Erfkroon EFK-1,South Africa,open air,-28.86869444,25.59433333,Erfkroon EFK-1 Layer 1 Archaeological Assemblage,Layer 1,,23800,26200,OSL (optically stimulated thermoluminescence) dating,"stratigraphical position of the different archaeological horizons and the OSL sample unclear and somewhat confusing (Churchill et al. 2000), OSL date of sand beneath LSA surface, yet they describe anothoer LSA horizon and a MSA/LSA in situ transition",ELSA,MSA,18000,40000,,,,,,,,,,,,,,,,,,,,,,,,,,,,,,,,,,,,,,
62,46,Es Sayar,Algeria,open air,35.17,4.133,unknown,unknown,,13100,16500,NA,13100,16500,MSA,14C (radiocarbon) dating,NA,LSA,NA,1,NA,14800,3400,17782,4310,northern,1700,2,"143,144",11.10270973,40.22858683,20,103,46.99064922,65.22435252,-0.190017089,28.33140755,206,11.10270786,589.5796509,28.33140755,-0.190017089,28.52142525,5.078074932,19.63480186,19.63480186,5.078074932,482.743042,74.15382385,6.316633701,0.584983766,202.8889618,30.9305439,30.9305439,202.8889618
63,,Eyasi,Tanzania,open air,-3.53,35.27,,,,,,,,MSA,MSA,,,,,,,,,,,,,,,,,,,,,,,,,,,,,,,,,,,,,,,,
64,47,Esna E71K9,Egypt,open air,25.4,32.5,Esna E71K9,Esna E71K9,,10000,21590,NA,10000,21590,MSA,14C (radiocarbon) dating,NA,LSA,NA,1,NA,15795,11590,18594,12659,northern,5795,2,"145,146",19.8079044,2.320671891,21,35,30.5720636,31.47956944,1.876628637,37.37285614,13,19.80790329,714.8515015,37.37285614,1.876628637,35.49622726,27.2073307,11.58543777,27.68034935,10.4326601,27.84806252,6.652948856,0,0.704310298,12.75073051,3.656366825,12.57325363,4.442497253
65,48,Fatandi V,Senegal,open air,13.866,-12.371,Unit 1 and 2,Unit 1 and 2,,7900,10900,NA,NA,NA,MSA,OSL (optically stimulated luminescence) dating,NA,LSA,NA,1,NA,9400,3000,9400,3000,,NA,1,317-327,25.67715836,97.84039605,3,612,49.63408629,57.16495196,11.6340456,38.89511108,403,25.67715645,350.4462585,38.89511108,11.6340456,27.26106644,25.58699226,21.98408508,30.04307556,21.15668678,1174.084717,349.1871338,0,1.331101298,861.5581055,0,31.3149929,0
66,,Fincha Habera,Ethiopia,rock shelter,7.01,39.72,,,,,,,,MSA,MSA,,,,,,,,,,,,,,,,,,,,,,,,,,,,,,,,,,,,,,,,
67,49,Figuil-Louti,Cameroon,open air,9.766667,13.916667,unknown,unknown,,15090,15510,NA,15090,15510,MSA,14C (radiocarbon) dating,NA,MSA,NA,1,NA,15300,420,18570,204,northern,210,2,147,22.56391684,88.77505388,13,462,59.04196898,53.21011082,10.14431572,35.56174469,353,22.56391907,308.2264709,35.56174469,10.14431572,25.41742897,21.5393734,20.09930611,27.23858643,19.28029442,1065.300659,207.1772919,0,1.020872235,602.7510986,0,205.5148315,0
68,50,Etemba 14,Namibia,open air,-21.45,15.617,Etemba 14 Layer V Archaeological Assemblage,Unit 5,,30000,300000,archaeological (cultural) stratigraphy,,MSA,MSA,30000,300000,,,,,,,,,,,,,,,,,,,,,,,,,,,,,,,,,,,,,,
69,51,Florisbad,South Africa,open air,-28.767855,26.069549,Florisbad Layer B1 Archaeological Assemblage,BAS Layer,,11780,204000,stratigraphy,,MSA,MSA,200,1900,,,,,,,,,,,,,,,,,,,,,,,,,,,,,,,,,,,,,,
70,52,Gademotta Generic,Ethiopia,open air,7.94565,38.6457806,Gademotta Generic ETH-72-5 Archaeological Assemblage,Unit 18,,30000,105000,"archaeological (cultural) stratigraphy, stratigraphy",,MSA,MSA,30000,300000,,,,,,,,,,,,,,,,,,,,,,,,,,,,,,,,,,,,,,
71,53,Ga-Mohana Hill North Rockshelter,South Africa,rock shelter,-27.395847,23.353553,dark brown gravelly silt,dark brown gravelly silt,,14000,15600,NA,NA,NA,MSA,OSL (optically stimulated luminescence) dating,NA,LSA,NA,1,NA,14800,1600,14800,1600,,NA,2,317-327,15.68025204,14.53246532,14,193,22.08826627,46.49251525,-1.724339366,29.66773987,101,15.68025303,550.2824707,29.66773987,-1.724339366,31.3920784,21.12432289,8.562103271,21.53416443,8.192545891,174.3896179,67.35843658,0,1.474764943,134.1014099,0.407878369,66.7429657,3.563099146
72,,Geelbek,South Africa,open air,-33.18,18.16,,,,,,,,Still Bay,Still Bay,,,,,,,,,,,,,,,,,,,,,,,,,,,,,,,,,,,,,,,,
73,,Geelbek,South Africa,open air,-33.18,18.155,,,,,,,,Howiesonspoort,Howiesons Poort,,,,,,,,,,,,,,,,,,,,,,,,,,,,,,,,,,,,,,,,
74,54,Geelbek,South Africa,open air,-33.1896,18.15312,Geelbek_Alice CAL4 Archaeological Assemblage,CAL4,,107483,121787,geology,"correlates with Geelbek_Homo CAL4, n.d.",MSA,MSA,30000,300000,,,,,,,,,,,,,,,,,,,,,,,,,,,,,,,,,,,,,,
75,55,Gi,Botswana,open air,-19.624147,21.008442,Gi Unit 4 Archaeological Assemblage,Unit 4,,30000,300000,"14C (radiocarbon) dating, archaeological (cultural) stratigraphy",,MSA,MSA,30000,300000,,,,,,,,,,,,,,,,,,,,,,,,,,,,,,,,,,,,,,
76,56,Gobero,Niger,open air,17.083333,9.516667,Pleistocene paleodune,Pleistocene paleodune,,15000,16500,NA,NA,NA,MSA,OSL (optically stimulated luminescence) dating,NA,LSA,NA,1,NA,15750,1500,15750,1500,,NA,2,"317,322-324,326-341",23.49735363,13.17392878,21,164,22.12373392,36.80534919,5.372876644,38.11447144,39,23.49735451,610.1317749,38.11447144,5.372876644,32.74159622,28.86219215,22.50944328,29.87890053,15.2350235,158.0871429,51.77946854,0,1.368194222,116.8486328,0,92.4217453,0.088335559
77,57,Goda Buticha,Ethiopia,cave,9.52,41.64,Goda Buticha Lower Complex II Layers IId-IIf Archaeological Assemblage,IId,,34000,35000,14C (radiocarbon) dating,,Later MSA,MSA,30000,50000,,,,,,,,,,,,,,,,,,,,,,,,,,,,,,,,,,,,,,
78,,Gorgora Rock Shelter,Ethiopia,rock shelter,12.24,37.28,,,,,,,,MSA,MSA,,,,,,,,,,,,,,,,,,,,,,,,,,,,,,,,,,,,,,,,
79,59,Grassridge,South Africa,rock shelter,-31.57,26.852222,Stratigraphic Unit 31 Layer LBS,Stratigraphic Unit 31 Layer LBS,,31880,32360,NA,31880,32360,MSA,14C (radiocarbon) dating,NA,LSA,NA,1,NA,32120,480,36426,479,southern,240,3,216,11.16479472,41.50995817,15,415,37.60289939,55.56068261,-2.848399878,24.08181953,139,11.16479492,404.4072571,24.08181953,-2.848399878,26.93021965,15.4924736,6.24488306,15.7343359,5.717599392,498.1195068,113.2093582,3.945875883,0.749191642,253.250885,40.18097687,197.0943298,40.60347748
80,60,Grotte des Contrebandiers,Morocco,cave,33.922,-6.962,Grotte des Contrebandiers Unit 9+10 Archaeological Assemblage,Unit 9,,86000,126000,OSL (optically stimulated thermoluminescence) dating,,Aterian,Aterian,40000,150000,,,,,,,,,,,,,,,,,,,,,,,,,,,,,,,,,,,,,,
81,61,Grotte des Pigeons,Morocco,cave,34.814177,-2.404029,Grotte des Pigeons Unit E Archaeological Assemblage,Unit E,,56200,113800,"OSL (optically stimulated thermoluminescence) dating, TL (thermoluminescence) dating",,Aterian,Aterian,40000,150000,,,,,,,,,,,,,,,,,,,,,,,,,,,,,,,,,,,,,,
82,,Hackthorne,South Africa,open air,-22.23,29.32,,,,,,,,Sangoan,Sangoan,,,,,,,,,,,,,,,,,,,,,,,,,,,,,,,,,,,,,,,,
83,,Ha Soloja,Lesotho,rock shelter,-29.83333333,29.03333333,,,,,,,,MSA,MSA,,,,,,,,,,,,,,,,,,,,,,,,,,,,,,,,,,,,,,,,
84,62,Ha Soloja,Lesotho,rock shelter,-29.83333333,29.03333333,Ha Soloja Layer 7 Archaeological Assemblage,Layer 7,,65000,70000,archaeological (cultural) stratigraphy,,Howiesonspoort,Howiesons Poort,65000,70000,,,,,,,,,,,,,,,,,,,,,,,,,,,,,,,,,,,,,,
85,63,Haalenberg,Namibia,rock shelter,-26.586215,15.467544,Haalenberg Layer 1 Archaeological Assemblage,Layer 1,,38470,41730,14C (radiocarbon) dating,,MSA,MSA,30000,300000,,,,,,,,,,,,,,,,,,,,,,,,,,,,,,,,,,,,,,
86,,Hadar,Ethiopia,rock shelter,11.1,40.58,,,,,,,,MSA,MSA,,,,,,,,,,,,,,,,,,,,,,,,,,,,,,,,,,,,,,,,
87,,Halibee,Ethiopia,open air,10.78,40.39,,,,,,,,MSA,MSA,,,,,,,,,,,,,,,,,,,,,,,,,,,,,,,,,,,,,,,,
88,64,Hagfet ed Dabba,Libya,cave,32.68,21.56,unknown,unknown,,39000,40000,NA,39000,40000,MSA,14C (radiocarbon) dating,NA,MSA,NA,1,NA,39500,1000,42888,564,northern,500,3,152-154,14.9157505,44.36159595,13,61,30.321504,60.19082864,3.300759792,27.59513664,51,14.91575146,514.0583496,27.59513664,3.300759792,24.29437637,8.58481884,21.10341835,21.10341835,8.58481884,532.3391113,111.6026917,0,0.952029943,297.2750854,2.896403313,2.896403313,297.2750854
89,65,Hassi Bellal,Morocco,open air,34.718,-1.873,Hassi Bellal Ensembel III+II Archaeological Assemblage,Ensemble II,,40000,200000,archaeological (cultural) stratigraphy,,Middle Paleolithic - Africa,MSA,40000,200000,,,,,,,,,,,,,,,,,,,,,,,,,,,,,,,,,,,,,,
90,66,Haua Fteah,Libya,cave,32.9081,21.8115,Haua Fteah Layer XXXV Archaeological Assemblage,Layer XXXV,,67700,101600,stratigraphy,"age_min/max from Douka et al. 2014 using Bayesian statistical modelling of all available dates (C14, tephra, OSL, ESR)",Pre-Aurignacian - Levant,MSA,200000,400000,,,,,,,,,,,,,,,,,,,,,,,,,,,,,,,,,,,,,,
91,,Highlands,South Africa,rock shelter,-31.83,25.57,,,,,,,,MSA,MSA,,,,,,,,,,,,,,,,,,,,,,,,,,,,,,,,,,,,,,,,
92,,Herolds Bay Cave,South Africa,cave,-34.05,22.39,,,,,,,,MSA,MSA,,,,,,,,,,,,,,,,,,,,,,,,,,,,,,,,,,,,,,,,
93,67,Hoedjiespunt 1,South Africa,open air,-33.028567,17.9596528,Hoedjiespunt 1 AH III Archaeological Assemblage,AH III,5,107000,127000,"geology, oxygen isotope stratigraphy",MIS 5 is inferred from geological and environmental indicators as well as the absolute dates.,Early MSA,MSA,77000,300000,,,,,,,,,,,,,,,,,,,,,,,,,,,,,,,,,,,,,,
94,68,Holley Rock Shelter,South Africa,rock shelter,-29.464347,30.539383,Holley Rock Shelter Inch 0-6 Archaeological Assemblage,Inch 0-6,3,30000,50000,archaeological (cultural) stratigraphy,,Later MSA,MSA,30000,50000,,,,,,,,,,,,,,,,,,,,,,,,,,,,,,,,,,,,,,
95,69,Hollow Rock Shelter,South Africa,rock shelter,-32.084,19.07928333,Hollow Rock Shelter Unit IIIB Archaeological Assemblage,Sand Deposit,,41000,93000,OSL (optically stimulated thermoluminescence) dating,"preliminary results of OSL datings from samples within depth of 20cm (Hoegberg+Larsson 2011, table 1)",Still Bay,Still Bay,70000,77000,,,,,,,,,,,,,,,,,,,,,,,,,,,,,,,,,,,,,,
96,70,Howiesons Poort,South Africa,rock shelter,-33.383395,26.483237,Layer 5 Inventar,Layer 5,,58000,66000,archaeological (cultural) stratigraphy,,Howiesonspoort,Howiesons Poort,58000,66000,,,,,,,,,,,,,,,,,,,,,,,,,,,,,,,,,,,,,,
97,,Ifri n Ammar,Morocco,cave,34.7846,-3.0923,,,,,,,,Aterian,Aterian,,,,,,,,,,,,,,,,,,,,,,,,,,,,,,,,,,,,,,,,
98,71,Ifri n Ammar,Morocco,cave,34.7846,-3.0923,Ifri n Ammar Upper OI Enl. 50-53 Archaeological Assemblage,unit XXV,,127000,195000,stratigraphy,,Middle Paleolithic - Africa,MSA,40000,200000,,,,,,,,,,,,,,,,,,,,,,,,,,,,,,,,,,,,,,
99,,Iramba,Tanzania,open air,-4.25,34.4,,,,,,,,MSA,MSA,,,,,,,,,,,,,,,,,,,,,,,,,,,,,,,,,,,,,,,,
100,72,Ishango 11,DRC,Open Air,-0.013818,29.602798,Ishango 11,Ishango 11,,20155,25290,NA,20155,25290,MSA,14C (radiocarbon) dating,NA,LSA,NA,1,NA,22722.5,5135,26792,89,southern,2567.5,2,218,18.05497456,90.770657,13,563,81.88889249,82.11781883,10.664361,25.04056931,292,18.05497551,37.15769577,25.04056931,10.664361,14.37620831,18.36623573,18.14233589,18.52986336,17.6160984,1089.247803,162.6716309,3.885300875,0.519649327,456.140564,94.81446838,409.2311096,293.2376404
101,73,Isimila Prehistoric Site,Tanzania,open air,-7.896666667,35.60333333,Isimila Prehistoric Site Sands 1a prime Archaeological Assemblage,Lisalamagasi Member,,200000,300000,"archaeological (cultural) stratigraphy, stratigraphy",arch_strat: Sangoan,Sangoan,Sangoan,200000,300000,,,,,,,,,,,,,,,,,,,,,,,,,,,,,,,,,,,,,,
102,74,Issanzu,Tanzania,"cave, open air",-4.10332,34.669361,Issanzu IV Sumpf,surface,,30000,300000,archaeological (cultural) stratigraphy,,MSA,MSA,30000,300000,,,,,,,,,,,,,,,,,,,,,,,,,,,,,,,,,,,,,,
103,75,Iwo Eleru,Nigeria,rock shelter,7.441378,5.124756,Layer 3,Layer 3,,11700,16300,NA,NA,NA,MSA,ESR (electron spin resonance) dating,NA,LSA,NA,1,NA,14000,4600,14000,4600,,NA,2,"54,153,273-276",23.56873449,130.9260524,13,665,75.49488576,75.59083589,15.16170216,31.94555664,326,23.56873322,146.8898468,31.94555664,15.16170216,16.78385544,23.69290161,21.76756859,25.41017151,21.76756859,1571.112549,357.384491,0,0.990111291,934.6262207,3.645662069,421.9295654,3.645662069
104,76,Jebel Gharbi_Shakshuk,Libya,open air,32,11.95,Jebel Gharbi_Shakshuk E1 LSA Collection,E1,,16690,150000,"14C (radiocarbon) dating, archaeological (cultural) stratigraphy","arch_strat: iberomaurusian, LSA, Aterian",Aterian,Aterian,200,30000,,,,,,,,,,,,,,,,,,,,,,,,,,,,,,,,,,,,,,
105,77,Jebel Irhoud,Morocco,cave,31.854981,-8.872506,Jebel Irhoud Layer 4 Archaeological Assemblage,Layer 4,,238000,334000,"TL (thermoluminescence) dating, stratigraphy",,Middle Paleolithic - Africa,MSA,40000,200000,,,,,,,,,,,,,,,,,,,,,,,,,,,,,,,,,,,,,,
106,,Kalambo Falls Site A,Zambia,open air,-8.5955944,31.235,,,,,,,,Sangoan,Sangoan,,,,,,,,,,,,,,,,,,,,,,,,,,,,,,,,,,,,,,,,
107,78,Kalambo Falls Site A,Zambia,open air,-8.5955944,31.2432361,Kalambo Falls A4 Red Rubble Bed Pit 2 Arch. Assemblage,Mbwilo Member,,22900,176000,"14C (radiocarbon) dating, OSL (optically stimulated thermoluminescence) dating, geology","the original dates for the geological Members at Kalambo Falls (e.g. Clark 1969, 2001) seem not that reliable, therefore the newer time estimates based on OSL dating of the recently excavated site Kalambo Falls Site C North are used (see Barham et al. 2015)",Lupemban,Lupemban,200000,300000,,,,,,,,,,,,,,,,,,,,,,,,,,,,,,,,,,,,,,
108,79,Kalkbank,South Africa,open air,-23.493,29.2107,Kalkbank Fossil Horizon Archaeological Assemblage,Fossil Horizon,,30000,300000,archaeological (cultural) stratigraphy,No absolute dating. Awaiting dates from archaeology,MSA,MSA,30000,300000,,,,,,,,,,,,,,,,,,,,,,,,,,,,,,,,,,,,,,
109,,Kamoa,"Congo, Republic of the",open air,-4.3,25.16,,,,,,,,MSA,MSA,,,,,,,,,,,,,,,,,,,,,,,,,,,,,,,,,,,,,,,,
110,80,Kangkara Cave,South Africa,cave,-33.78333333,23.08333333,Kangkara Cave Level 6 BHL3 Archaeological Assemblage,Level 6,,12200,300000,"archaeological (cultural) stratigraphy, stratigraphy",,MSA,MSA,30000,300000,,,,,,,,,,,,,,,,,,,,,,,,,,,,,,,,,,,,,,
111,81,Kapthurin GnJh-74,Kenya,open air,0.527728,35.974131,Kapthurin GnJh-74 K4_A Locus 2 Archaeology,K4_A,,198000,300000,"Ar/Ar (argon-argon) dating, archaeological (cultural) stratigraphy",,MSA,MSA,30000,300000,,,,,,,,,,,,,,,,,,,,,,,,,,,,,,,,,,,,,,
112,82,Katanda 9,"Congo, Republic of the",Open Air,-0.092663,29.598549,Sands directly above MSA,Sands directly above MSA,,74000,90000,NA,NA,NA,MSA,TL (thermoluminescence) dating,NA,MSA,NA,1,NA,82000,16000,82000,16000,,NA,5a,"82,83,184,290-292",20.45552238,81.84139538,13,672,79.09845606,73.78127543,12.33055782,28.32734299,342,20.45552254,113.6832504,28.32734299,12.33055782,15.99678516,21.68473244,19.15870667,21.98297691,19.15870667,982.0968018,155.0664673,0,0.718567908,401.6463318,13.54080963,400.1610107,13.54080963
113,83,Kathu Pan 5,South Africa,open air,-27.66686998,23.00774996,Kathu Pan 5 Stratum 2b Archaeology,Stratum 2 subunit b,,19520,32880,14C (radiocarbon) dating,,ELSA,MSA,18000,40000,,,,,,,,,,,,,,,,,,,,,,,,,,,,,,,,,,,,,,
114,,Kharga Oasis,Egypt,open air,25.45,30.54,,,,,,,,Aterian,Aterian,,,,,,,,,,,,,,,,,,,,,,,,,,,,,,,,,,,,,,,,
115,84,Kisese II,Tanzania,rock shelter,-4.491797,35.812031,Spit III,Spit III,,14210,14330,NA,14210,14330,MSA,14C (radiocarbon) dating,NA,LSA,NA,1,NA,14270,120,17279,129,southern,60,2,220,15.55927595,81.40456355,5,587,73.46277618,77.71368027,8.344215393,24.07147789,251,15.55927563,63.20880127,24.07147789,8.344215393,15.7272625,16.03017426,15.705966,16.19992065,14.97379684,976.8546753,176.7949219,0,0.86736232,449.3426514,2.379049778,41.23593521,427.0050659
116,,Klasies River Mouth Cave 2,South Africa,cave,-34.11,24.39,,,,,,,,Howiesonspoort,Howiesons Poort,,,,,,,,,,,,,,,,,,,,,,,,,,,,,,,,,,,,,,,,
117,85,Klasies River Mouth Cave 1,South Africa,cave,-34.108148,24.391713,KRM Cave 1 LBS Member AA43 SBS-Y44 SCB3S Collection,LBS Member,,94200,119400,"AAR (amino acid racemization) dating, IRSL (infrared stimulated luminescence) dating, OSL (optically stimulated thermoluminescence) dating, archaeological (cultural) stratigraphy","LBS Member correlates with Singer+Wymer's Layer 38, 39 and 40, LBS dates between 94.2-119.4ka (OSL/IRSL), AAR age of Layer 38 suggests an age of 110ka, arch_strat (MSA I) suggests an age between 105-130ka (see Singer+Wymer 1982, Deacon+Geleijnse 1988, Feathers 2002, table 8)",MSA 2a,MSA,105000,130000,,,,,,,,,,,,,,,,,,,,,,,,,,,,,,,,,,,,,,
118,,Klein Kliphuis,South Africa,rock shelter,-32.120167,18.9262833,,,,,,,,Howiesonspoort,Howiesons Poort,,,,,,,,,,,,,,,,,,,,,,,,,,,,,,,,,,,,,,,,
119,86,Klein Kliphuis,South Africa,rock shelter,-32.120167,18.9262833,Klein Kliphuis Unit D Archaeological Assemblage,Unit D,,18561,34000,14C (radiocarbon) dating,,Final MSA,MSA,30000,40000,,,,,,,,,,,,,,,,,,,,,,,,,,,,,,,,,,,,,,
120,87,Klipdrift Shelter,South Africa,rock shelter,-34.451605,20.7243033,Klipdrift Shelter PAY Archaeological Assemblage,PAY,4,56000,64000,OSL (optically stimulated thermoluminescence) dating,,Howiesonspoort,Howiesons Poort,58000,66000,,,,,,,,,,,,,,,,,,,,,,,,,,,,,,,,,,,,,,
121,,Koedoesrand,South Africa,open air,-28.28,24.83,,,,,,,,Pietersburg,Pietersburg,,,,,,,,,,,,,,,,,,,,,,,,,,,,,,,,,,,,,,,,
122,,Kudu Koppie,South Africa,open air,-22.23,29.34,,,,,,,,MSA,MSA,,,,,,,,,,,,,,,,,,,,,,,,,,,,,,,,,,,,,,,,
123,,Kulkuletti Area,Ethiopia,open air,8.95,38.66,,,,,,,,MSA,MSA,,,,,,,,,,,,,,,,,,,,,,,,,,,,,,,,,,,,,,,,
124,88,Kone,Ethiopia,open air,8.8,39.69166667,Locality G4,Upper Loam,,14470,14870,14C (radiocarbon) dating,,MSA/LSA,MSA,20000,40000,,,,,,,,,,,,,,,,,,,,,,,,,,,,,,,,,,,,,,
125,,Lainyamok,Kenya,open air,-1.77,36.16,,,,,,,,MSA,MSA,,,,,,,,,,,,,,,,,,,,,,,,,,,,,,,,,,,,,,,,
126,89,Leopards Hill,Zambia,cave,-15.6,28.73333333,Leopards Hill Archaeology,Occupation level,,14025,23960,14C (radiocarbon) dating,,MSA/LSA,MSA,20000,40000,,,,,,,,,,,,,,,,,,,,,,,,,,,,,,,,,,,,,,
127,90,Lincoln Cave,South Africa,cave,-25.96,27.75,Lincoln Cave North Archaeological Assemblage,Lincoln Cave North,,107600,288200,U series (uranium-thorium) dating,,MSA,MSA,30000,300000,,,,,,,,,,,,,,,,,,,,,,,,,,,,,,,,,,,,,,
128,,Lion Cavern,Eswatini,cave,-26.19,31.03,,,,,,,,MSA,MSA,,,,,,,,,,,,,,,,,,,,,,,,,,,,,,,,,,,,,,,,
129,91,Linksfield,South Africa,open air,-26.17,28,Linksfield Hilltop Rubble Archaeological Assemblage,Hilltop Rubble,,200000,300000,archaeological (cultural) stratigraphy,,Late Sangoan,Sangoan,200000,300000,,,,,,,,,,,,,,,,,,,,,,,,,,,,,,,,,,,,,,
130,92,Loiyangalani Site HcJd1,Tanzania,open air,-2.480939,34.831611,Loiyangalani Site HcJd1 Unit 1 Archaeological Assemblage,Unit 1,,13900,65000,"OSL (optically stimulated thermoluminescence) dating, 14C (radiocarbon) dating","Minimum age comes from 14C dating on OES, maximum age comes from OSL dating, both from the top of Unit 1.",MSA,MSA,30000,300000,,,,,,,,,,,,,,,,,,,,,,,,,,,,,,,,,,,,,,
131,93,Luangwa Valley,Zambia,open air,-13.199444,31.6838888,Luangwa Valley CL 1-4 Archaeological Assemblage,Lag Deposit,,70000,87000,"IRSL (infrared stimulated luminescence) dating, magnetostratigraphy",,MSA,MSA,30000,300000,,,,,,,,,,,,,,,,,,,,,,,,,,,,,,,,,,,,,,
132,,Magubike,Tanzania,rock shelter,-7.76,35.47,,,,,,,,MSA,MSA,,,,,,,,,,,,,,,,,,,,,,,,,,,,,,,,,,,,,,,,
133,94,Makhadama 6,Egypt,open air,26.20333333,32.63416667,Makhadama 6 Sandy Slopewash Arch. Assemblage,Sandy Slopewash,,40000,200000,archaeological (cultural) stratigraphy,arch_strat: MP Africa,Middle Paleolithic - Africa,MSA,40000,200000,,,,,,,,,,,,,,,,,,,,,,,,,,,,,,,,,,,,,,
134,95,Manzi River,Zambia,open air,-13.199611,31.683972,Manzi River CL1 Archaeological Assemblage,CL1,,73000,83000,TL (thermoluminescence) dating,,MSA,MSA,30000,300000,,,,,,,,,,,,,,,,,,,,,,,,,,,,,,,,,,,,,,
135,96,Melikane,Lesotho,rock shelter,-29.95,28.75,Melikane Layer 7 Archaeological Assemblage,Layer 7,,48100,126000,stratigraphy,,Howiesonspoort,Howiesons Poort,65000,70000,,,,,,,,,,,,,,,,,,,,,,,,,,,,,,,,,,,,,,
136,97,Missira Ravin Sud,Senegal,open air,13.866,-12.371,unknown,unknown,,59000,69000,NA,NA,NA,MSA,OSL (optically stimulated luminescence) dating,NA,MSA,NA,1,NA,64000,10000,64000,10000,,NA,4,"181,342-344",24.2711978,85.89635168,13,440,44.86554559,52.07847595,10.4612484,37.91193008,326,24.27119637,353.0223694,37.91193008,10.4612484,27.45068169,24.12293434,23.21495056,28.89685822,19.92578316,1030.756226,300.75354,0,1.302152395,752.6810303,0.340214342,184.1861572,0.847057998
137,98,Melka Kunture Garba III,Ethiopia,open air,8.683333333,37.63333333,Melka Kunture Garba III Layer A Arch. Assemblage,Layer A,,30000,300000,archaeological (cultural) stratigraphy,arch_strat: MSA,MSA,MSA,30000,300000,,,,,,,,,,,,,,,,,,,,,,,,,,,,,,,,,,,,,,
138,99,Middle Awash Aduma,Ethiopia,open air,10.389,40.514,Middle Awash Aduma VP 1/3 Archaeological Assemblage,Ardu B,,38600,180000,"Ar/Ar (argon-argon) dating, TL (thermoluminescence) dating, U series (uranium-thorium) dating",Late part of MSA most relieable dates,MSA,MSA,30000,300000,,,,,,,,,,,,,,,,,,,,,,,,,,,,,,,,,,,,,,
139,100,Middle Awash Bodo,Ethiopia,open air,10.625,40.54166667,BOD-A1,Upper Bodo Member,,61000,67000,Ar/Ar (argon-argon) dating,,Late Acheulean - Africa,MSA,200000,800000,,,,,,,,,,,,,,,,,,,,,,,,,,,,,,,,,,,,,,
140,101,Middle Awash Bouri,Ethiopia,open air,10.25965333,40.56789167,Middle Awash Bouri BOU-A10 Archaeological Assemblage,Herto Member,,154000,276000,"Ar/Ar (argon-argon) dating, magnetostratigraphy, Z5",,Late Acheulean - Africa,MSA,200000,800000,,,,,,,,,,,,,,,,,,,,,,,,,,,,,,,,,,,,,,
141,102,Mikuyu,Mozambique,open air,-12.729,34.830694,Mikuyu Archaeological Horizon Archaeological Assemblage,Archaeological Horizon,,30000,300000,archaeological (cultural) stratigraphy,The presence of an MSA assemblage constraints the age of the archaeological horizon.,MSA,MSA,30000,300000,,,,,,,,,,,,,,,,,,,,,,,,,,,,,,,,,,,,,,
142,103,Mochena Borago,Ethiopia,rock shelter,6.8972,37.755,Mochena Borage S-Group Archaeological Assemblage,S-Group,,42000,44000,14C (radiocarbon) dating,,MSA,MSA,30000,300000,,,,,,,,,,,,,,,,,,,,,,,,,,,,,,,,,,,,,,
143,104,Mokeko,"Congo, Republic of the",open air,1.5625,15.9436,Mokeko Archaeological Assemblage,BGr horizon,,35000,300000,"archaeological (cultural) stratigraphy, geology","Stone-lines in Central Africa are generally seen as belonging to the MaluÃ©kien climatic period, which dates 40-70ka.",Sangoan,Sangoan,200000,300000,,,,,,,,,,,,,,,,,,,,,,,,,,,,,,,,,,,,,,
144,105,Montagu Cave,South Africa,cave,-33.832575,20.1732028,Montagu Cave Layer 2 Deposits Below Surface 7 Arch. Assemblage,Layer 2 lower,,58000,66000,archaeological (cultural) stratigraphy,Age based on arch strat HP,Howiesonspoort,Howiesons Poort,58000,66000,,,,,,,,,,,,,,,,,,,,,,,,,,,,,,,,,,,,,,
145,106,Moshebis Shelter,Lesotho,rock shelter,-29.95,29.01666667,Moshebis Shelter Layer 7 Archaeological Assemblage,Layer 7,,58000,66000,archaeological (cultural) stratigraphy,,Howiesonspoort,Howiesons Poort,58000,66000,,,,,,,,,,,,,,,,,,,,,,,,,,,,,,,,,,,,,,
146,107,Mosumu,Equatorial Guinea,open air,1.726944444,10.0775,Lithic Assemblage Stone Line,Stone Line,,11800,31600,14C (radiocarbon) dating,,Lupemban,Lupemban,200000,300000,,,,,,,,,,,,,,,,,,,,,,,,,,,,,,,,,,,,,,
147,108,Mugharet El Aliya,Morocco,cave,35.75,-5.93,Mugharet El Aliya Unit 5 Archaeological Assemblage,Unit 5,3,39000,61000,ESR (electron spin resonance) dating,,Aterian,Aterian,40000,150000,,,,,,,,,,,,,,,,,,,,,,,,,,,,,,,,,,,,,,
148,109,Muguruk,Kenya,open air,-0.083333,34.633333,Muguruk Northern Member 2 Archaeological Assemblage,Northern Member 2,,200000,300000,archaeological (cultural) stratigraphy,artefacts attributed to Sangoan/Lupemban complex,Lupemban,Lupemban,200000,300000,,,,,,,,,,,,,,,,,,,,,,,,,,,,,,,,,,,,,,
149,110,Mumba,Tanzania,rock shelter,-3.561944444,35.28027778,Mumba Bed VI-A lower Archaeological Assemblage,Bed VI,,109000,130000,U series (uranium-thorium) dating,,MSA,MSA,30000,300000,,,,,,,,,,,,,,,,,,,,,,,,,,,,,,,,,,,,,,
150,111,Mumbwa,Zambia,rock shelter,-14.96666667,27.01666667,Mumbwa Unit IX Archaeological Assemblage,Unit IX,7-6,150000,194000,TL (thermoluminescence) dating,,MSA,MSA,30000,300000,,,,,,,,,,,,,,,,,,,,,,,,,,,,,,,,,,,,,,
151,112,Mvumu,Mozambique,open air,-12.75,34.833333,Mvumu Layer 2 Archaeological Assemblage,Layer 2,,18000,32000,Al/Be (aluminum-beryllium) dating,,MSA/LSA,MSA,20000,40000,,,,,,,,,,,,,,,,,,,,,,,,,,,,,,,,,,,,,,
152,113,Mwanganda,Malawi,open air,-9.933333333,33.88333333,Mwanganda Chiwondo Qco1c Archaeological Assemblage,Chiwondo Qco1c,,200000,300000,archaeological (cultural) stratigraphy,,Sangoan,Sangoan,200000,300000,,,,,,,,,,,,,,,,,,,,,,,,,,,,,,,,,,,,,,
153,,Mwulus Cave,South Africa,cave,-24.135167,29.111156,,,,,,,,MSA,MSA,,,,,,,,,,,,,,,,,,,,,,,,,,,,,,,,,,,,,,,,
154,114,Mwulus Cave,South Africa,cave,-24.135167,29.111156,Mwulus Cave Ash and Sand I Archaeological Assemblage,Ash and Sand 1,,30000,300000,archaeological (cultural) stratigraphy,Absolute date not avaliable. Waiting for date through archaeological material,Pietersburg,Pietersburg,30000,300000,,,,,,,,,,,,,,,,,,,,,,,,,,,,,,,,,,,,,,
155,115,Nakechichok 1,Kenya,open air,3.15,35.8,Nakechichok 1 Layer 5 Archaeological assemblage,Layer 5,,30000,300000,archaeological (cultural) stratigraphy,,MSA,MSA,30000,300000,,,,,,,,,,,,,,,,,,,,,,,,,,,,,,,,,,,,,,
156,116,Nasera Rock,Tanzania,rock shelter,-2.646433333,35.41146944,Nasera Rock Layer 12-17 Archaeology,Layer 12,,30000,300000,archaeological (cultural) stratigraphy,,MSA,MSA,30000,300000,,,,,,,,,,,,,,,,,,,,,,,,,,,,,,,,,,,,,,
157,117,Nata River Site,Botswana,open air,-20.33333333,26.2,Nata River Site Layer 4 Archaeology,Layer 4,,30000,300000,archaeological (cultural) stratigraphy,No absolute dating. Awaiting dates from archaeology,MSA,MSA,30000,300000,,,,,,,,,,,,,,,,,,,,,,,,,,,,,,,,,,,,,,
158,118,Nazlet Khater 2,Egypt,quarry,26.78333333,31.37472222,Nazlet Khater 2 Layer 6-2 Archaeological Assemblage,Layer 2,,35700,200000,"archaeological (cultural) stratigraphy, stratigraphy",,Middle Paleolithic - Africa,MSA,40000,200000,,,,,,,,,,,,,,,,,,,,,,,,,,,,,,,,,,,,,,
159,119,Nazlet Safaha 1,Egypt,quarry,26.11305556,32.56194444,Nazlet Safaha 1 Lower Central Area Arch. Assemblage,Gravelly Dump Deposit,,57000,200000,"archaeological (cultural) stratigraphy, stratigraphy",,Middle Paleolithic - Africa,MSA,40000,200000,,,,,,,,,,,,,,,,,,,,,,,,,,,,,,,,,,,,,,
160,120,Nelson Bay Cave,South Africa,cave,-34.101089,23.3756361,Nelson Bay Cave Crust Archaeological Assemblage,Rubble Horizon,,58000,66000,archaeological (cultural) stratigraphy,,Howiesonspoort,Howiesons Poort,58000,66000,,,,,,,,,,,,,,,,,,,,,,,,,,,,,,,,,,,,,,
161,121,Ngalue Cave,Mozambique,cave,-12.85861667,35.19836667,Ngalue Cave Middle Beds Archaeological Assemblage,Middle Beds,,49290,118910,U series (uranium-thorium) dating,,MSA,MSA,30000,300000,,,,,,,,,,,,,,,,,,,,,,,,,,,,,,,,,,,,,,
162,,Neuhof-Kowas,Namibia,open air,-23,18,,,,,,,,MSA,MSA,,,,,,,,,,,,,,,,,,,,,,,,,,,,,,,,,,,,,,,,
163,122,Nhamissimbiti,Mozambique,cave,-18.53239,34.89256,stratified fossiliferous speleothem,stratified fossiliferous speleothem,,104642,114395,NA,NA,NA,MSA,U series (uranium-thorium) dating,NA,MSA,NA,1,NA,109518.5,9753,109518.5,9753,,NA,5d,"18,19,27,97,106,296-302",23.53338957,120.5106446,3,1079,55.90206242,79.10321363,15.01173496,29.66949844,407,23.53338814,238.147522,29.66949844,15.01173496,14.65776348,26.42445374,21.09153557,26.60289955,20.64624786,1446.127808,323.8901367,24.86305618,0.860716999,820.8648682,96.15794373,717.9033813,107.5724182
164,123,Njuinye,Cameroon,open air,6.015,9.591,unknown,unknown,,35140,36260,NA,35140,36260,Sangoan,14C (radiocarbon) dating,NA,LSA,NA,1,NA,35700,1120,40771,1045,northern,560,3,161,19.75426594,189.597768,13,628,74.50553258,73.66754754,12.25872993,28.19706535,326,19.75426674,145.3976135,28.19706535,12.25872993,15.93833542,18.940485,18.37321281,21.86440849,18.37321281,2275.17334,421.5908508,0,0.8253631,1172.984131,20.00487328,523.6150513,20.00487328
165,124,Nswatugi,Zimbabwe,cave,-20.535715,28.475274,Nswatugi Layer 4 Archaeological Assemblage,Layer 4,,41940,300000,"14C (radiocarbon) dating, archaeological (cultural) stratigraphy","MSA artefacts were found in this layer, so age max of 300000 estimated.",MSA,MSA,30000,300000,,,,,,,,,,,,,,,,,,,,,,,,,,,,,,,,,,,,,,
166,125,Ntloana Tsoana,Lesotho,rock shelter,-29.31666667,27.81666667,Ntloana Tsoana CBS K9/10 Archaeological Assemblage,CBS Layer,,58100,63700,OSL (optically stimulated thermoluminescence) dating,,Howiesonspoort,Howiesons Poort,58000,66000,,,,,,,,,,,,,,,,,,,,,,,,,,,,,,,,,,,,,,
167,126,Nyara River Occurrences,Tanzania,open air,-8.974281,33.394506,Nyara RiverUnit G upper Archaeological Assemblage,Unit G,6-3,30000,300000,archaeological (cultural) stratigraphy,arch_strat: MSA and Sangoan,MSA,MSA,30000,300000,,,,,,,,,,,,,,,,,,,,,,,,,,,,,,,,,,,,,,
168,127,Olduvai Gorge Naisiusiu Beds,Tanzania,open air,-2.983333,35.333333,Ndutu Beds inventar,Olduvai Ndutu beds,,368000,432000,AAR (amino acid racemization) dating,,MSA,MSA,30000,300000,,,,,,,,,,,,,,,,,,,,,,,,,,,,,,,,,,,,,,
169,128,Olieboompoort,South Africa,cave,-23.848242,27.683265,Olieboomport Bed 2 Archaeological Assemblage,Bed 2,,58000,200000,"14C (radiocarbon) dating, archaeological (cultural) stratigraphy",MSA,Middle Pietersburg,Pietersburg,58000,200000,,,,,,,,,,,,,,,,,,,,,,,,,,,,,,,,,,,,,,
170,129,Olorgesailie Basin,Kenya,open air,-1.5775389,36.4447389,Olorgesailie Basin BOK-1E Archaeological Assemblage,Oltulelei Fm. Olkesiteti Member,,202700,315600,"Ar/Ar (argon-argon) dating, U series (uranium-thorium) dating",,MSA,MSA,30000,300000,,,,,,,,,,,,,,,,,,,,,,,,,,,,,,,,,,,,,,
171,130,Omo Kibish Awokes Hominid Site (AHS),Ethiopia,open air,5.4313,35.9193,Omo Kibish AHS Level 1-5 Archaeological Assemblage,Member I,,189600,318900,Ar/Ar (argon-argon) dating,,MSA,MSA,30000,300000,,,,,,,,,,,,,,,,,,,,,,,,,,,,,,,,,,,,,,
172,131,Orangia 1,South Africa,open air,-29.97,24.78,Orangia 1 Living Floor Arch. Assemblage,Orangia 1 Surface Layer,,30000,300000,archaeological (cultural) stratigraphy,arch_strat: MSA,MSA,MSA,30000,300000,,,,,,,,,,,,,,,,,,,,,,,,,,,,,,,,,,,,,,
173,132,Oued Djebbana,Algeria,open air,34.74861111,8.058333333,Oued Djebbana Unit B Archaeological Assemblage,Unit B,,35000,150000,"14C (radiocarbon) dating, archaeological (cultural) stratigraphy",,Aterian,Aterian,40000,150000,,,,,,,,,,,,,,,,,,,,,,,,,,,,,,,,,,,,,,
174,133,Oued Djouf El Djemel,Algeria,open air,35.26888889,7.748611111,lithic inventar,Unit B1,,40000,150000,archaeological (cultural) stratigraphy,Aterian,Aterian,Aterian,40000,150000,,,,,,,,,,,,,,,,,,,,,,,,,,,,,,,,,,,,,,
175,,Oulad Hamida 2 La Grotte des Felins,Morocco,cave,33.53,-7.73,,,,,,,,Aterian,Aterian,,,,,,,,,,,,,,,,,,,,,,,,,,,,,,,,,,,,,,,,
176,134,Oulad Hamida 1 Rhino Cave,Morocco,cave,33.6,-7.6,lithic inventar,Oulad Hamida Formation Member 4,19,312000,447000,geology,,Middle Acheulean - Africa,MSA,800000,1000000,,,,,,,,,,,,,,,,,,,,,,,,,,,,,,,,,,,,,,
177,135,Ounjougou,Mali,open air,14.532,-3.448,Kokolo 2,Kokolo 2,,56900,69900,NA,NA,NA,MSA,OSL (optically stimulated luminescence) dating,NA,ESA,NA,1,NA,63400,13000,63400,13000,,NA,4,"181,342-344",22.14521488,46.37378222,13,274,48.35832151,43.71575785,6.392320633,36.1396637,276,22.14521599,430.7597046,36.1396637,6.392320633,29.74734306,24.57826042,22.77692223,27.22092247,16.52068138,556.4854126,154.7785187,0,1.345313787,411.7454834,0,147.1379395,0.292741627
178,136,Paardeberg Cave,South Africa,cave,-33.73333333,24.01666667,Paardeberg Cave Level 4a BSL,Level 4a,,30000,300000,archaeological (cultural) stratigraphy,,MSA,MSA,30000,300000,,,,,,,,,,,,,,,,,,,,,,,,,,,,,,,,,,,,,,
179,,Peers Cave,South Africa,cave,-34.12,18.41,,,,,,,,Still Bay,Still Bay,,,,,,,,,,,,,,,,,,,,,,,,,,,,,,,,,,,,,,,,
180,137,Peperkorrel,Namibia,open air,-23.35,18,Peperkorrel Surface Layer Sample 1 Archaeological Assemblage,Surface,,200000,300000,archaeological (cultural) stratigraphy,No direct dates. Archaeological correlation places this site between 200000 and 300000BP (Lupemban).,Lupemban,Lupemban,200000,300000,,,,,,,,,,,,,,,,,,,,,,,,,,,,,,,,,,,,,,
181,138,Pietkloof Cave,South Africa,cave,-25.8056,28.0082,Pietkloof Cave Layer 3 Archaeological Assemblage,Layer 3,,30000,300000,archaeological (cultural) stratigraphy,arch_strat: MSA,MSA,MSA,30000,300000,,,,,,,,,,,,,,,,,,,,,,,,,,,,,,,,,,,,,,
182,,Pinnacle Point 5-6,South Africa,cave,-34.21,22.09,,,,,,,,Howiesonspoort,Howiesons Poort,,,,,,,,,,,,,,,,,,,,,,,,,,,,,,,,,,,,,,,,
183,,Pinnacle Point 13b,South Africa,cave,-34.2078167,22.1,,,,,,,,Still Bay,Still Bay,,,,,,,,,,,,,,,,,,,,,,,,,,,,,,,,,,,,,,,,
184,139,Pinnacle Point 13b,South Africa,cave,-34.2078167,22.0895028,Pinnacle Point 13b Re-deposited Disturbance Archaeological Assemblage,Eastern Area Redeposited Disturbance,,88800,90200,U series (uranium-thorium) dating,,MSA,MSA,30000,300000,,,,,,,,,,,,,,,,,,,,,,,,,,,,,,,,,,,,,,
185,140,Pockenbank 1,Namibia,rock shelter,-27.220628,16.532834,Pockenbank 1 Layer 3 Archaeological Assemblage,Layer 3,,31730,66000,"14C (radiocarbon) dating, archaeological (cultural) stratigraphy",C14-dates would be too young for a Howiesons poort assemblage.Vogelsang assumes that the layer is ~350000 BC.,Howiesonspoort,Howiesons Poort,58000,66000,,,,,,,,,,,,,,,,,,,,,,,,,,,,,,,,,,,,,,
186,141,Pomongwe Cave,Zimbabwe,cave,-20.547533,28.513502,Pomongwe Exavation III Layer 5 Archaeological Assemblage,Excavation III Layer 5,,21300,36350,14C (radiocarbon) dating,,MSA,MSA,30000,300000,,,,,,,,,,,,,,,,,,,,,,,,,,,,,,,,,,,,,,
187,142,Porc Epic Cave,Ethiopia,cave,9.6666667,41.8333333,Porc Epic Cave 05N-04W square Archaeological Assemblage,Layer 3c,,33400,43000,geology,,Later MSA,MSA,30000,50000,,,,,,,,,,,,,,,,,,,,,,,,,,,,,,,,,,,,,,
188,143,Powers Site,South Africa,open air,-28.603543,24.600591,Powers Site Fourth Layer Archaeological Assemblage,Fourth Layer,,30000,300000,archaeological (cultural) stratigraphy,arch_strat: MSA,MSA,MSA,30000,300000,,,,,,,,,,,,,,,,,,,,,,,,,,,,,,,,,,,,,,
189,144,Primrose Ridge,South Africa,open air,-26.17,28,Primrose Ridge Hilltop Rubble Archaeological Assemblage,MSA Hilltop Rubble,,200000,300000,archaeological (cultural) stratigraphy,,Late Sangoan,Sangoan,200000,300000,,,,,,,,,,,,,,,,,,,,,,,,,,,,,,,,,,,,,,
190,145,Putslaagte 1,South Africa,open air,-31.94,19.18,Putslaagte 1 Archaeological Horizon Archaeological Assemblage,Upper Unit,3,55600,66000,OSL (optically stimulated thermoluminescence) dating,,Later MSA,MSA,30000,50000,,,,,,,,,,,,,,,,,,,,,,,,,,,,,,,,,,,,,,
191,,Ras el Wadi,Libya,open air,31.91666667,12,,,,,,,,Aterian,Aterian,,,,,,,,,,,,,,,,,,,,,,,,,,,,,,,,,,,,,,,,
192,146,Ras el Wadi,Libya,open air,31.91666667,12,Ras el Wadi Q2 Archaeological Assemblage,Q2,,30000,300000,archaeological (cultural) stratigraphy,No absolute dating. Awaiting dates from archaeology,MSA,MSA,30000,300000,,,,,,,,,,,,,,,,,,,,,,,,,,,,,,,,,,,,,,
193,,Redcliff Cave,Zimbabwe,cave,-19.02,29.76,,,,,,,,MSA,MSA,,,,,,,,,,,,,,,,,,,,,,,,,,,,,,,,,,,,,,,,
194,147,Rhafas Cave,Morocco,cave,34.7181,-1.8731,Rhafas Cave Layer 6ab Archaeological Assemblage,Formation 3,5,95000,119000,OSL (optically stimulated thermoluminescence) dating,MIS 5 or 5e,Mousterian - Levant,MSA,47000,350000,,,,,,,,,,,,,,,,,,,,,,,,,,,,,,,,,,,,,,
195,148,Rhino Cave,Botswana,cave,-18.727535,21.729996,Rhino Cave Test Excavation Archaeological Assemblage,Unit D,,14450,126000,"14C (radiocarbon) dating, archaeological (cultural) stratigraphy, geology","The age of the MSA deposits D-F should be regarded as uncertain, the absolute dates are presumed to be too young for the MSA-artifacts that they contain (Robbins et al. 2000)",MSA,MSA,30000,300000,,,,,,,,,,,,,,,,,,,,,,,,,,,,,,,,,,,,,,
196,149,Rifa,Egypt,open air,27.096944,31.205,Rifa Sand Layer Archaeological Assemblage,Sand Layer,,40000,200000,archaeological (cultural) stratigraphy,,Middle Paleolithic - Africa,MSA,40000,200000,,,,,,,,,,,,,,,,,,,,,,,,,,,,,,,,,,,,,,
197,150,Rooidam,South Africa,open air,-28.845,24.53,Rooidam Unit I Archaeological Assemblage,Unit I,,30000,300000,archaeological (cultural) stratigraphy,arch_strat: MSA,MSA,MSA,30000,300000,,,,,,,,,,,,,,,,,,,,,,,,,,,,,,,,,,,,,,
198,,Rose Cottage Cave,South Africa,cave,-29.216123,27.470019,,,,,,,,Howiesonspoort,Howiesons Poort,,,,,,,,,,,,,,,,,,,,,,,,,,,,,,,,,,,,,,,,
199,151,Rose Cottage Cave,South Africa,cave,-29.216123,27.470019,Rose Cottage Cave Layer Ru Archaeological Assemblage,Layer Ru,,26350,29250,14C (radiocarbon) dating,,Final MSA,MSA,30000,40000,,,,,,,,,,,,,,,,,,,,,,,,,,,,,,,,,,,,,,
200,,Saldanha,South Africa,open air,-33.1,18.24,,,,,,,,MSA,MSA,,,,,,,,,,,,,,,,,,,,,,,,,,,,,,,,,,,,,,,,
201,,Sandspruit,South africa,open air,-27.68,30.31,,,,,,,,MSA,MSA,,,,,,,,,,,,,,,,,,,,,,,,,,,,,,,,,,,,,,,,
202,,Sai Island 8-B-10,Sudan,open air,20.7,30.325,,,,,,,,Lupemban,Lupemban,,,,,,,,,,,,,,,,,,,,,,,,,,,,,,,,,,,,,,,,
203,152,Sai Island 8-B-11,Sudan,open air,20.7,30.32,Sai Island 8-B-11 Layer RS-base+TLG Archaeological Assemblage,Unit TLG,7,162000,242000,stratigraphy,,Sangoan,Sangoan,200000,300000,,,,,,,,,,,,,,,,,,,,,,,,,,,,,,,,,,,,,,
204,153,Sea Harvest,South Africa,rock shelter,-33.02361667,17.94931667,Sea Harvest Midden Archaeological Assemblage,Fills B/C and G1,5,71000,126000,oxygen isotope stratigraphy,"attributed to cooler phase within Last Interglaciation (OIS 5), Grine+Klein 1993",Early MSA,MSA,77000,300000,,,,,,,,,,,,,,,,,,,,,,,,,,,,,,,,,,,,,,
205,154,Seggedim,Niger,open air,20.2,12.975,Seggedim Zone A Soil Layer Archaeological Assemblage,Soil Layer,,11780,126000,"archaeological (cultural) stratigraphy, geology",,Aterian,Aterian,40000,150000,,,,,,,,,,,,,,,,,,,,,,,,,,,,,,,,,,,,,,
206,155,Sehonghong,Lesotho,rock shelter,-29.76666667,28.78333333,Lithic assemblage layer IV+V,Carters Layer V,,24800,33000,geology,,MSA/LSA,MSA,20000,40000,,,,,,,,,,,,,,,,,,,,,,,,,,,,,,,,,,,,,,
207,,Sibebe ,Eswatini,rock shelter,-26.26,31.17,,,,,,,,MSA,MSA,,,,,,,,,,,,,,,,,,,,,,,,,,,,,,,,,,,,,,,,
208,156,Shum Laka,Cameroon,cave,5.860277778,10.07888889,Shum Laka P-Deposits Archaeological Assemblage,P-deposits,,28700,50000,"archaeological (cultural) stratigraphy, stratigraphy",,Microlithic LSA,MSA,30000,50000,,,,,,,,,,,,,,,,,,,,,,,,,,,,,,,,,,,,,,
209,,Sibudu Cave,South Africa,rock shelter,-29.522603,31.085937,,,,,,,,MSA,MSA,,,,,,,,,,,,,,,,,,,,,,,,,,,,,,,,,,,,,,,,
210,,Sibudu Cave,South Africa,rock shelter,-29.53,31.085937,,,,,,,,Howiesonspoort,Howiesons Poort,,,,,,,,,,,,,,,,,,,,,,,,,,,,,,,,,,,,,,,,
211,157,Sibudu Cave,South Africa,rock shelter,-29.522603,31.085937,Sibudu Cave Bu Archaeological Assemblage,Bu,,35000,41600,OSL (optically stimulated thermoluminescence) dating,,Still Bay,Still Bay,30000,40000,,,,,,,,,,,,,,,,,,,,,,,,,,,,,,,,,,,,,,
212,158,Sidi Abderrahman Cap Chatelier,Morocco,cave,33.58,-7.68,Sidi Abderrahman Cap Chatelier Layer D2 Exc. Biberson Archaeological Assemblage,Anfa Formation Member 4 Upper Bed,10,342000,410000,"OSL (optically stimulated thermoluminescence) dating, oxygen isotope stratigraphy",,Late Acheulean - Africa,MSA,200000,800000,,,,,,,,,,,,,,,,,,,,,,,,,,,,,,,,,,,,,,
213,159,Skildergat Kop,South Africa,open air,-34.117025,18.4059528,Skildergat Kop SK Sands Archaeological Assemblage,SK Sands,,30000,300000,archaeological (cultural) stratigraphy,,MSA,MSA,30000,300000,,,,,,,,,,,,,,,,,,,,,,,,,,,,,,,,,,,,,,
214,160,Sodmein Cave,Egypt,cave,26.24,33.97,Sodmein Cave Layer E Archaeological Assemblage,Layer E,,24700,126000,stratigraphy,,Middle Paleolithic - Africa,MSA,40000,200000,,,,,,,,,,,,,,,,,,,,,,,,,,,,,,,,,,,,,,
215,161,Songwe River Valley Lake Rukwa IcIu4,Tanzania,open air,-8.716667,33.116667,Songwe River Valley Lake Rukwa IcIu4 MSA Collection,Surface Layer,,30000,300000,archaeological (cultural) stratigraphy,,MSA,MSA,30000,300000,,,,,,,,,,,,,,,,,,,,,,,,,,,,,,,,,,,,,,
216,162,Strathalan Cave B,South Africa,cave,-30.98944444,28.38861111,Strathalan Cave B SWA Layer Archaeology,SWA Layer,,25300,27350,14C (radiocarbon) dating,,Final MSA,MSA,30000,40000,,,,,,,,,,,,,,,,,,,,,,,,,,,,,,,,,,,,,,
217,,Sterkfontein,South Africa,cave,-26.02,27.73,,,,,,,,MSA,MSA,,,,,,,,,,,,,,,,,,,,,,,,,,,,,,,,,,,,,,,,
218,163,Swartkrans,South Africa,cave,-25.96888889,27.75583333,Swartkrans Member 4 Archaeological Assemblage,Swartkrans Member 4,,30000,113380,"U series (uranium-thorium) dating, archaeological (cultural) stratigraphy","MSA, no fossils. The maximum age is defined by the underlying flowstone dated to ca 110000.",MSA,MSA,30000,300000,,,,,,,,,,,,,,,,,,,,,,,,,,,,,,,,,,,,,,
219,164,Tamar Hat,Algeria,rock shelter,36.65,5.43,unknown,unknown,,12000,25000,NA,12000,25000,MSA,14C (radiocarbon) dating,NA,LSA,NA,1,NA,18500,13000,21577,13725,northern,6500,2,"143,173-177",9.491978248,79.75174586,15,219,53.83165073,73.83861319,1.569739699,21.14604759,126,9.491977692,383.816803,21.14604759,1.569739699,19.5763073,5.583532333,14.61355495,14.65501118,5.583532333,957.0209351,139.0539246,9.500762939,0.509033978,360.5908203,65.72794342,93.91723633,360.5908203
220,165,Taramsa 1,Egypt,quarry,26.119725,32.683806,Taramsa 1 Sector 89/02 Cc05 Archaeological Assemblage,Unit RS,,147700,259700,OSL (optically stimulated thermoluminescence) dating,,Lupemban,Lupemban,200000,300000,,,,,,,,,,,,,,,,,,,,,,,,,,,,,,,,,,,,,,
221,166,Tiemassas,Senegal,open air,14.128,-16.607,Horizon 6,Horizon 6,,40990,46610,NA,NA,NA,MSA,OSL (optically stimulated luminescence) dating,NA,MSA-Mousteroid Tiemassassian,NA,1,NA,43800,5620,43800,5620,,NA,3,"54,153,273-276",24.45579942,71.75076592,13,401,20.14483511,55.02460019,12.32642841,33.16544724,276,24.45580101,258.1678772,33.16544724,12.32642841,20.83901978,26.29161835,22.00840759,26.93909454,20.71235657,861.0092163,356.8258972,0,1.593805313,729.1442261,0.066651613,233.4986115,0.448126554
222,167,Tiras 5,Namibia,rock shelter,-26.207918,16.582785,Tiras 5 Layer 2 Archaeological Assemblage,Layer 2,,30000,300000,archaeological (cultural) stratigraphy,arch_strat: MSA,MSA,MSA,30000,300000,,,,,,,,,,,,,,,,,,,,,,,,,,,,,,,,,,,,,,
223,168,Toumboura I,Senegal,open air,13.866,-12.371,unknown,unknown,,12000,17000,NA,NA,NA,MSA,OSL (optically stimulated luminescence) dating,NA,LSA,NA,1,NA,14500,5000,14500,5000,,NA,2,351,24.99055099,82.76374609,13,459,45.49912945,53.1671435,11.16456032,38.48281479,326,24.99054718,356.8114014,38.48281479,11.16456032,27.31825447,24.62400246,23.71698952,29.77051544,20.64470482,993.164917,342.8501587,0,1.39189744,758.6218262,0,150.155365,0.126480579
224,169,Tshangula Cave,Zimbabwe,cave,-20.66782,28.569986,Tshangula Cave Layer 4 Archaeological Assemblage,Reddish Earth,,30000,300000,archaeological (cultural) stratigraphy,arch_strat: MSA,MSA,MSA,30000,300000,,,,,,,,,,,,,,,,,,,,,,,,,,,,,,,,,,,,,,
225,170,Tunnel Cave,South Africa,cave,-34.1176083,18.4060278,Tunnel Cave TC Deposits Archaeological Assemblage,TC Deposits,,58000,77000,archaeological (cultural) stratigraphy,,Howiesonspoort,Howiesons Poort,58000,66000,,,,,,,,,,,,,,,,,,,,,,,,,,,,,,,,,,,,,,
226,171,Twin Rivers,Zambia,open air,-15.5166667,28.1833333,Twin Rivers A Block 1954+56 Archaeological Assemblage,Fissure Sediments,,139524,300000,"U series (uranium-thorium) dating, archaeological (cultural) stratigraphy",Estimated age max based on Lupemban arch strat.,Lupemban,Lupemban,200000,300000,,,,,,,,,,,,,,,,,,,,,,,,,,,,,,,,,,,,,,
227,172,Uan Afuda,Libya,cave,24.86948056,10.50368333,Uan Afuda Unit 3b US 9 Archaeological Assemblage,Unit 3b,,61000,100000,"OSL (optically stimulated thermoluminescence) dating, TL (thermoluminescence) dating",,Middle Paleolithic - Africa,Aterian,40000,200000,,,,,,,,,,,,,,,,,,,,,,,,,,,,,,,,,,,,,,
228,173,Uan Tabu,Libya,rock shelter,24.859722,10.528333,Uan Tabu Layer 21 Archaeological Assemblage,Unit IV,,51000,71000,OSL (optically stimulated thermoluminescence) dating,,Aterian,Aterian,40000,150000,,,,,,,,,,,,,,,,,,,,,,,,,,,,,,,,,,,,,,
229,174,Umbeli belli,South Africa,rock shelter,-30.310556,30.685833,AH 7 assemblage,GH 7,,25900,32200,OSL (optically stimulated thermoluminescence) dating,,Final MSA,MSA,30000,40000,,,,,,,,,,,,,,,,,,,,,,,,,,,,,,,,,,,,,,
230,,Umhlatuzana,South Africa,rock shelter,-29.8104,30.76,,,,,,,,Howiesonspoort,Howiesons Poort,,,,,,,,,,,,,,,,,,,,,,,,,,,,,,,,,,,,,,,,
231,175,Umhlatuzana,South Africa,rock shelter,-29.8104,30.75423333,Umhlatuzana Layer 5 Archaeological Assemblage,Layer 5,,13280,13520,14C (radiocarbon) dating,,Still Bay,Still Bay,12000,18000,,,,,,,,,,,,,,,,,,,,,,,,,,,,,,,,,,,,,,
232,,Varsche Rivier 002,South Africa,rock shelter,-31.524294,18.603889,,,,,,,,Howiesonspoort,Howiesons Poort,,,,,,,,,,,,,,,,,,,,,,,,,,,,,,,,,,,,,,,,
233,176,Varsche Rivier 003,South Africa,rock shelter,-31.524294,18.603889,Varsche Rivier 003 AL 06 Archaeological Assemblage,GH 6,,56500,65200,OSL (optically stimulated thermoluminescence) dating,,Early MSA,MSA,77000,300000,,,,,,,,,,,,,,,,,,,,,,,,,,,,,,,,,,,,,,
234,177,Vlakkraal,South Africa,open air,-29.17666667,26.43916667,Vlakkraal Disturbed Sand Heap Arch. Assemblage,Disturbed Sand Heap,,30000,300000,archaeological (cultural) stratigraphy,arch_strat: MSA,MSA,MSA,30000,300000,,,,,,,,,,,,,,,,,,,,,,,,,,,,,,,,,,,,,,
235,178,Wadi Ghan Valley,Libya,open air,32.06666667,22.08333333,Wadi Ghan Valley T2-II lower Archaeological Assemblage,T2-II,,14000,150000,"archaeological (cultural) stratigraphy, stratigraphy","arch_strat: LSA (upper part), Aterian (lower part)",Aterian,Aterian,40000,150000,,,,,,,,,,,,,,,,,,,,,,,,,,,,,,,,,,,,,,
236,179,Wadi Halfa Site 1000,Sudan,open air,21.7833,31.3667,Wadi Halfa Site 1000 Archaeological Surface Collection,Surface Layer,,40000,200000,archaeological (cultural) stratigraphy,,Middle Paleolithic - Africa,MSA,40000,200000,,,,,,,,,,,,,,,,,,,,,,,,,,,,,,,,,,,,,,
237,180,Wadi Kubbaniya E-78-4 ,Egypt,open air,24.22,32.841,Wadi Kubbaniya E-78-4 ,Wadi Kubbaniya E-78-4 ,,17000,18500,NA,17000,18500,MSA,14C (radiocarbon) dating,NA,LSA,NA,1,NA,17750,1500,21463,1760,northern,750,2,149,21.42302545,0.422273074,21,17,28.3817242,26.31161292,4.677161694,37.76665497,4,21.42302704,638.9099731,37.76665497,4.677161694,33.0894928,27.7145462,14.77367878,28.70767784,12.87605286,5.067276955,1.246712327,0,1.179673314,3.212945223,0,2.955015659,0.356026411
238,181,Wadi Qasab,Egypt,open air,26.33,32.05,Wadi Qasab Gravel Layer Archaeological Assemblage,Gravel Layer,,40000,200000,"archaeological (cultural) stratigraphy, unknown",,Middle Paleolithic - Africa,MSA,40000,200000,,,,,,,,,,,,,,,,,,,,,,,,,,,,,,,,,,,,,,
239,182,Wasiriya Beds Nyamita,Kenya,open air,-0.4284,34.15751944,Wasiriya Nyamita MSA Lithics,Wasiriya Beds,,32475,300000,"archaeological (cultural) stratigraphy, 14C (radiocarbon) dating",,MSA,MSA,30000,300000,,,,,,,,,,,,,,,,,,,,,,,,,,,,,,,,,,,,,,
240,,Waterval,South Africa,open air,-26.15,27.15,,,,,,,,Pietersburg,Pietersburg,,,,,,,,,,,,,,,,,,,,,,,,,,,,,,,,,,,,,,,,
241,183,Waterfall Bluff,South Africa,rock shelter,-31.433611,29.822222,LBCS Otis,LBCS Otis,,20800,23400,NA,NA,NA,MSA,OSL (optically stimulated thermoluminescence) dating,NA,LSA,NA,1,NA,22100,2600,22100,2600,,NA,2,391-405,14.4853611,89.19948467,5,782,50.31189569,74.10867246,5.549983978,22.2529583,276,14.48536205,291.4253235,22.2529583,5.549983978,16.70297432,17.96326065,11.81409454,17.96326065,10.95107555,1070.393921,173.4232941,8.90741539,0.608051717,498.7006226,97.70980835,498.7006226,109.8109589
242,184,White Paintings Rock Shelter,Botswana,rock shelter,-18.770617,21.748021,White Paintings Rock Shelter Unit 7b-8b Archaological Assemblage,Unit 8b,,43000,50700,"OSL (optically stimulated thermoluminescence) dating, 14C (radiocarbon) dating, TL (thermoluminescence) dating",,MSA/LSA,MSA,20000,40000,,,,,,,,,,,,,,,,,,,,,,,,,,,,,,,,,,,,,,
243,185,Witkrans,South Africa,cave,-27.61666667,24.63333333,Witkrans Layer C Archaeological Assemblage,Layer C,,30650,105000,"14C (radiocarbon) dating, archaeological (cultural) stratigraphy",,MSA 2b,MSA,77000,105000,,,,,,,,,,,,,,,,,,,,,,,,,,,,,,,,,,,,,,
244,186,Wonderkrater,South Africa,open air,-24.44,28.75,Wonderkrater Area B MSA layer lower assemblage,Area B MSA layer lower,3,44605,52734,14C (radiocarbon) dating,,Final MSA,MSA,30000,40000,,,,,,,,,,,,,,,,,,,,,,,,,,,,,,,,,,,,,,
245,187,Ysterfontein (YFT1),South Africa,rock shelter,-33.347456,18.1509361,Ysterfontein Lower Unit Archaeological Assemblage,Group 10,5c-5a,71000,116000,oxygen isotope stratigraphy,,Early MSA,MSA,77000,300000,,,,,,,,,,,,,,,,,,,,,,,,,,,,,,,,,,,,,,
246,188,Zebrarivier,Namibia,cave,-24.518336,16.288762,Zebrarivier Layer 1 Archaeological Assemblage,Layer 1,,41100,300000,"14C (radiocarbon) dating, archaeological (cultural) stratigraphy",,MSA,MSA,30000,300000,,,,,,,,,,,,,,,,,,,,,,,,,,,,,,,,,,,,,,
247,,Zombepata Cave,Zimbabwe,cave,-16.84,30.84,,,,,,,,MSA,MSA,,,,,,,,,,,,,,,,,,,,,,,,,,,,,,,,,,,,,,,,